{"DNN1": 0.8074520826339722, "DNN4": 0.8100984692573547, "DNN6": 0.8115804195404053, "DNN2": 0.8145443201065063, "DNN3": 0.8153911232948303, "DNN8": 0.8160262703895569, "DNN7": 0.8162379860877991, "DNN5": 0.8172965049743652}