{"softmax, multi": [0.7661708659750158, 0.7639462263152323], "softmax, ovr": [0.7650328181240736, 0.7623584206626443], "ridge": [0.7623067965276308, 0.7619350058219541], "random forest": [0.954239889900487, 0.8493701704244734], "svm": [0.8498835485919967, 0.7965491690483751], "xgb": [0.9377249629472793, 0.8525457817296497]}